{"cameraMode":{"drawMode":0,"name":"Shaded","section":"Shading Mode"},"sceneLighting":true,"audioPlay":false,"sceneViewState":{"m_AlwaysRefresh":true,"showFog":true,"showSkybox":true,"showFlares":true,"showImageEffects":true,"showParticleSystems":true,"showVisualEffectGraphs":true,"m_FxEnabled":true},"in2DMode":false,"pivot":{"x":40.22877502441406,"y":-10.868596076965332,"z":33.74736785888672},"rotation":{"x":-0.07351507246494293,"y":0.17116576433181764,"z":0.0128086619079113,"w":0.9824346899986267},"size":39.281009674072269,"orthographic":false}