{"cameraMode":{"drawMode":0,"name":"Shaded","section":"Shading Mode"},"sceneLighting":false,"audioPlay":false,"sceneViewState":{"m_AlwaysRefresh":true,"showFog":true,"showSkybox":false,"showFlares":true,"showImageEffects":true,"showParticleSystems":true,"showVisualEffectGraphs":true,"m_FxEnabled":true},"in2DMode":false,"pivot":{"x":0.7662391662597656,"y":-0.11093330383300781,"z":0.03826475143432617},"rotation":{"x":-0.11344496160745621,"y":0.004466820973902941,"z":0.0005094630178064108,"w":0.9935384392738342},"size":11.730851173400879,"orthographic":false}