{"cameraMode":{"drawMode":0,"name":"Shaded","section":"Shading Mode"},"sceneLighting":false,"audioPlay":false,"sceneViewState":{"m_AlwaysRefresh":true,"showFog":true,"showSkybox":false,"showFlares":true,"showImageEffects":true,"showParticleSystems":true,"showVisualEffectGraphs":true,"m_FxEnabled":true},"in2DMode":false,"pivot":{"x":-0.07371854782104492,"y":0.5270779132843018,"z":0.0695502758026123},"rotation":{"x":-0.06111694872379303,"y":0.03442399203777313,"z":0.002106831641867757,"w":0.9975499510765076},"size":6.739070415496826,"orthographic":false}