{"cameraMode":{"drawMode":0,"name":"Shaded","section":"Shading Mode"},"sceneLighting":false,"audioPlay":false,"sceneViewState":{"m_AlwaysRefresh":true,"showFog":true,"showSkybox":false,"showFlares":true,"showImageEffects":true,"showParticleSystems":true,"showVisualEffectGraphs":true,"m_FxEnabled":true},"in2DMode":false,"pivot":{"x":-0.19965839385986329,"y":3.4830856323242189,"z":0.19307184219360352},"rotation":{"x":-0.06111694872379303,"y":0.03442399203777313,"z":0.002106831641867757,"w":0.9975499510765076},"size":11.43606185913086,"orthographic":false}