{"cameraMode":{"drawMode":0,"name":"Shaded","section":"Shading Mode"},"sceneLighting":false,"audioPlay":false,"sceneViewState":{"m_AlwaysRefresh":true,"showFog":true,"showSkybox":false,"showFlares":true,"showImageEffects":true,"showParticleSystems":true,"showVisualEffectGraphs":true,"m_FxEnabled":true},"in2DMode":false,"pivot":{"x":-38.63999938964844,"y":21.489233016967775,"z":-6.568728923797607},"rotation":{"x":0.021308256313204767,"y":-0.000004829963017982664,"z":-0.000003296699787824764,"w":0.9997819066047669},"size":6.206441402435303,"orthographic":false}